<railroad>
	<section-list>
		<section id="1">
			<sensor id="4" />
			<sensor id="2" end="wide" />
			<switch id="1" state="closed" init="closed" />
			<blocking id="2" />
		</section>
		<section id="2">
			<sensor id="4" />
			<sensor id="3" end="wide" />
			<switch id="1" state="thrown" init="closed" />
			<blocking id="1" />
		</section>
		<section id="3">
			<sensor id="4" />
			<sensor id="5" />
		</section>
		<section id="4">
			<sensor id="5" end="wide" />
			<sensor id="16" end="wide" />
			<switch id="2" state="thrown" init="closed" />
			<blocking id="5" />
			<blocking id="16" />
		</section>
		<section id="5">
			<sensor id="5" end="wide" />
			<sensor id="6" end="wide" />
			<switch id="2" state="closed" init="closed" />
			<blocking id="4" />
			<blocking id="16" />
		</section>
		<section id="6">
			<sensor id="6" />
			<sensor id="7" />
		</section>
		<section id="7">
			<sensor id="7" />
			<sensor id="8" />
		</section>
		<section id="8">
			<sensor id="8" />
			<sensor id="9" />
			<blocking id="18" />
		</section>
		<section id="9">
			<sensor id="9" />
			<sensor id="10" />
			<blocking id="20" />
		</section>
		<section id="10">
			<sensor id="10" />
			<sensor id="11" />
		</section>
		<section id="11">
			<sensor id="11" />
			<sensor id="2" end="wide" />
			<switch id="5" state="closed" init="thrown" />
			<blocking id="12" />
		</section>
		<section id="12">
			<sensor id="11" />
			<sensor id="13" end="wide" />
			<switch id="5" state="thrown" init="thrown" />
			<blocking id="11" />
			<blocking id="13" />
		</section>
		<section id="13">
			<sensor id="3" />
			<sensor id="12" />
			<blocking id="12" />
		</section>
		<section id="14">
			<sensor id="13" />
			<sensor id="14" />
		</section>
		<section id="15">
			<sensor id="14" />
			<sensor id="15" />
		</section>
		<section id="16">
			<sensor id="16" end="wide" />
			<sensor id="15" end="wide" />
			<switch id="2" state="closed" init="closed" />
			<blocking id="4" />
			<blocking id="5" />
		</section>
		<section id="17">
			<sensor id="16" />
			<sensor id="17" />
		</section>
		<section id="18">
			<sensor id="17" />
			<sensor id="18" />
			<blocking id="8" />
		</section>
		<section id="19">
			<sensor id="18" />
			<sensor id="19" />
		</section>
		<section id="20">
			<sensor id="19" />
			<sensor id="20" />
			<blocking id="9" />
			<blocking id="24" />
		</section>
		<section id="21">
			<sensor id="20" />
			<sensor id="21" />
		</section>
		<section id="22">
			<sensor id="12" />
			<sensor id="21" end="wide" />
			<switch id="4" state="thrown" init="thrown" />
			<blocking id="23" />
		</section>
		<section id="23">
			<sensor id="12" />
			<sensor id="22" />
			<switch id="4" state="closed" init="thrown" />
			<blocking id="22" />
		</section>
		<section id="24">
			<sensor id="22" />
			<sensor id="23" />
			<blocking id="20" />
		</section>
		<section id="25">
			<sensor id="23" />
			<sensor id="24" end="wide" />
			<switch id="6" state="thrown" init="closed" />
			<blocking id="26" />
			<blocking id="27" />
		</section>
		<section id="26">
			<sensor id="23" />
			<sensor id="25" end="wide" />
			<switch id="7" state="thrown" init="closed" />
			<switch id="6" state="closed" init="closed" />
			<blocking id="25" />
			<blocking id="27" />
		</section>
		<section id="27">
			<sensor id="23" />
			<sensor id="26" end="wide" />
			<switch id="7" state="closed" init="closed" />
			<switch id="6" state="closed" init="closed" />
			<blocking id="25" />
			<blocking id="26" />
		</section>
	</section-list>
</railroad>