<railroad>
	<section-list>
		<section id="1">
			<sensor id="4" />
			<sensor id="2" />
			<switch id="1" state="closed" />
			<blocking id="2" />
		</section>
		<section id="2">
			<sensor id="4" />
			<sensor id="3" />
			<switch id="1" />
			<blocking id="1" />
		</section>
		<section id="3">
			<sensor id="4" />
			<sensor id="5" />
		</section>
		<section id="4">
			<sensor id="5" />
			<sensor id="16" />
			<switch id="2" state="thrown" />
			<blocking id="5" />
			<blocking id="16" />
		</section>
		<section id="5">
			<sensor id="5" />
			<sensor id="6" />
			<switch id="2" />
			<blocking id="4" />
			<blocking id="16" />
		</section>
		<section id="6">
			<sensor id="6" />
			<sensor id="7" />
		</section>
		<section id="7">
			<sensor id="7" />
			<sensor id="8" />
		</section>
		<section id="8">
			<sensor id="8" />
			<sensor id="9" />
			<blocking id="18" />
		</section>
		<section id="9">
			<sensor id="9" />
			<sensor id="10" />
			<blocking id="20" />
		</section>
		<section id="10">
			<sensor id="10" />
			<sensor id="11" />
		</section>
		<section id="11">
			<sensor id="11" />
			<sensor id="2" />
			<switch id="5" state="closed" />
			<blocking id="12" />
		</section>
		<section id="12">
			<sensor id="11" />
			<sensor id="13" />
			<switch id="5" />
			<blocking id="11" />
			<blocking id="13" />
		</section>
		<section id="13">
			<sensor id="3" />
			<sensor id="12" />
			<blocking id="12" />
		</section>
		<section id="14">
			<sensor id="13" />
			<sensor id="14" />
		</section>
		<section id="15">
			<sensor id="14" />
			<sensor id="15" />
		</section>
		<section id="16">
			<sensor id="16" />
			<sensor id="15" />
			<switch id="2" />
			<blocking id="4" />
			<blocking id="5" />
		</section>
		<section id="17">
			<sensor id="16" />
			<sensor id="17" />
		</section>
		<section id="18">
			<sensor id="17" />
			<sensor id="18" />
			<blocking id="8" />
		</section>
		<section id="19">
			<sensor id="18" />
			<sensor id="19" />
		</section>
		<section id="20">
			<sensor id="19" />
			<sensor id="20" />
			<blocking id="9" />
			<blocking id="24" />
		</section>
		<section id="21">
			<sensor id="20" />
			<sensor id="21" />
		</section>
		<section id="22">
			<sensor id="12" />
			<sensor id="21" />
			<switch id="4" state="thrown" />
			<blocking id="23" />
		</section>
		<section id="23">
			<sensor id="12" />
			<sensor id="22" />
			<switch id="4" />
			<blocking id="22" />
		</section>
		<section id="24">
			<sensor id="22" />
			<sensor id="23" />
			<blocking id="20" />
		</section>
		<section id="25">
			<sensor id="23" />
			<sensor id="24" />
			<switch id="6" state="thrown" />
			<blocking id="26" />
			<blocking id="27" />
		</section>
		<section id="26">
			<sensor id="23" />
			<sensor id="25" />
			<switch id="6" />
			<switch id="7" state="closed" />
			<blocking id="25" />
			<blocking id="27" />
		</section>
		<section id="27">
			<sensor id="23" />
			<sensor id="26" />
			<switch id="6" />
			<switch id="7" />
			<blocking id="25" />
			<blocking id="26" />
		</section>
	</section-list>
	<switch-list>
		<switch id="1">
			<narrow-end id="4" />
			<closed-end id="2" /> 
			<thrown-end id="3" />
		</switch>
		<switch id="2" type="crossover">
			<narrow-end id="5" />
			<narrow-end id="16" />
			<closed-end id="6" /> 
			<closed-end id="15" /> 
		</switch>
		<switch id="4">
			<narrow-end id="12" />
			<closed-end id="22" /> 
			<thrown-end id="21" />
		</switch>
		<switch id="5">
			<narrow-end id="11" />
			<closed-end id="2" /> 
			<thrown-end id="13" />
		</switch>
		<switch id="6">
			<narrow-end id="23" />
			<closed-end id="25" />
			<closed-end id="26" /> 
			<thrown-end id="24" />
		</switch>
		<switch id="7">
			<narrow-end id="23" />
			<closed-end id="26" /> 
			<thrown-end id="25" />
		</switch>
	</switch-list>   
</railroad>

