<railroad>
	<section-list>
		<section id="1">
			<sensor id="251" />
			<sensor id="255" />
		</section>
		<section id="2">
			<sensor id="255" />
			<sensor id="241" />
			<switch id="18" state="thrown" />
			<blocking id="4" />
			<blocking id="6" />
			<blocking id="8" />
		</section>
		<section id="3">
			<sensor id="252" />
			<sensor id="256" />
		</section>
		<section id="4">
			<sensor id="256" />
			<sensor id="241" />
			<switch id="18" state="thrown" />
			<switch id="19" state="thrown" />
			<blocking id="2" />
			<blocking id="6" />
			<blocking id="8" />
		</section>
		<section id="5">
			<sensor id="253" />
			<sensor id="257" />
		</section>
		<section id="6">
			<sensor id="257" />
			<sensor id="241" />
			<switch id="18" state="thrown" />
			<switch id="19" state="thrown" />
			<switch id="20" state="thrown" />
			<blocking id="2" />
			<blocking id="4" />
			<blocking id="8" />
		</section>
		<section id="7">
			<sensor id="254" />
			<sensor id="258" />
		</section>
		<section id="8">
			<sensor id="258" />
			<sensor id="241" />
			<switch id="18" state="thrown" />
			<switch id="19" state="thrown" />
			<switch id="20" state="thrown" />
			<blocking id="2" />
			<blocking id="4" />
			<blocking id="6" />
		</section>
		<section id="9">
			<sensor id="241" />
			<sensor id="243" />
			<switch id="17" state="thrown" />
			<blocking id="10" />
		</section>
		<section id="10">
			<sensor id="242" />
			<sensor id="243" />
			<switch id="17" state="thrown" />
			<blocking id="9" />
		</section>
		<section id="11">
			<sensor id="226" />
			<sensor id="223" />
			<switch id="16" state="thrown" />
			<blocking id="12" />
			<blocking id="111" />
		</section>
		<section id="12">
			<sensor id="225" />
			<sensor id="223" />
			<switch id="16" state="thrown" />
			<blocking id="11" />
			<blocking id="111" />
		</section>
		<section id="13">
			<sensor id="223" />
			<sensor id="158" />
			<switch id="14" state="thrown" />
			<blocking id="14" />
		</section>
		<section id="14">
			<sensor id="223" />
			<sensor id="155" />
			<switch id="14" state="thrown" />
			<blocking id="13" />
		</section>
		<section id="15">
			<sensor id="158" />
			<sensor id="154" />
		</section>
		<section id="16">
			<sensor id="154" />
			<sensor id="152" />
		</section>
		<section id="17">
			<sensor id="152" />
			<sensor id="146" />
			<switch id="12" state="thrown" />
			<blocking id="18" />
		</section>
		<section id="18">
			<sensor id="151" />
			<sensor id="146" />
			<switch id="12" state="thrown" />
			<blocking id="17" />
		</section>
		<section id="19">
			<sensor id="146" />
			<sensor id="143" />
		</section>
		<section id="20">
			<sensor id="143" />
			<sensor id="114" />
		</section>
		<section id="21">
			<sensor id="114" />
			<sensor id="112" />
			<switch id="6" state="thrown" />
			<blocking id="22" />
		</section>
		<section id="22">
			<sensor id="115" />
			<sensor id="112" />
			<switch id="6" state="thrown" />
			<blocking id="21" />
		</section>
		<section id="23">
			<sensor id="112" />
			<sensor id="122" />
		</section>
		<section id="24">
			<sensor id="122" />
			<sensor id="125" />
			<switch id="1" state="thrown" />
			<blocking id="25" />
		</section>
		<section id="25">
			<sensor id="122" />
			<sensor id="126" />
			<switch id="1" state="thrown" />
			<blocking id="24" />
		</section>
		<section id="26">
			<sensor id="125" />
			<sensor id="128" />
		</section>
		<section id="27">
			<sensor id="128" />
			<sensor id="138" />
			<switch id="2" state="thrown" />
			<blocking id="92" />
		</section>
		<section id="29">
			<sensor id="138" />
			<sensor id="212" />
		</section>
		<section id="30">
			<sensor id="212" />
			<sensor id="216" />
			<switch id="4" state="thrown" />
			<blocking id="31" />
		</section>
		<section id="31">
			<sensor id="213" />
			<sensor id="216" />
			<switch id="4" state="thrown" />
			<blocking id="30" />
		</section>
		<section id="32">
			<sensor id="216" />
			<sensor id="232" />
		</section>
		<section id="33">
			<sensor id="232" />
			<sensor id="234" />
		</section>
		<section id="34">
			<sensor id="234" />
			<sensor id="237" />
			<switch id="25" state="thrown" />
			<blocking id="97" />
		</section>
		<section id="36">
			<sensor id="237" />
			<sensor id="263" />
		</section>
		<section id="37">
			<sensor id="263" />
			<sensor id="264" />
			<switch id="24" state="thrown" />
			<blocking id="38" />
		</section>
		<section id="38">
			<sensor id="262" />
			<sensor id="264" />
			<switch id="24" state="thrown" />
			<blocking id="37" />
		</section>
		<section id="39">
			<sensor id="264" />
			<sensor id="267" />
		</section>
		<section id="40">
			<sensor id="267" />
			<sensor id="283" />
			<switch id="23" state="thrown" />
			<blocking id="41" />
		</section>
		<section id="41">
			<sensor id="268" />
			<sensor id="283" />
			<switch id="23" state="thrown" />
			<blocking id="40" />
		</section>
		<section id="42">
			<sensor id="283" />
			<sensor id="281" />
		</section>
		<section id="43">
			<sensor id="281" />
			<sensor id="274" />
		</section>
		<section id="44">
			<sensor id="274" />
			<sensor id="273" />
			<switch id="22" state="thrown" />
			<blocking id="45" />
		</section>
		<section id="45">
			<sensor id="274" />
			<sensor id="272" />
			<switch id="22" state="thrown" />
			<blocking id="44" />
		</section>
		<section id="46">
			<sensor id="272" />
			<sensor id="242" />
			<switch id="21" state="thrown" />
			<blocking id="47" />
		</section>
		<section id="47">
			<sensor id="271" />
			<sensor id="242" />
			<switch id="21" state="thrown" />
			<blocking id="46" />
		</section>
		<section id="48">
			<sensor id="273" />
			<sensor id="238" />
			<blocking id="103" />
		</section>
		<section id="49">
			<sensor id="238" />
			<sensor id="218" />
		</section>
		<section id="50">
			<sensor id="218" />
			<sensor id="221" />
			<blocking id="112" />
		</section>
		<section id="51">
			<sensor id="221" />
			<sensor id="136" />
			<switch id="15" state="thrown" />
			<blocking id="52" />
		</section>
		<section id="52">
			<sensor id="221" />
			<sensor id="137" />
			<switch id="15" state="thrown" />
			<blocking id="51" />
		</section>
		<section id="53">
			<sensor id="137" />
			<sensor id="153" />
		</section>
		<section id="54">
			<sensor id="153" />
			<sensor id="151" />
		</section>
		<section id="55">
			<sensor id="155" />
			<sensor id="147" />
			<switch id="13" state="thrown" />
			<blocking id="56" />
		</section>
		<section id="56">
			<sensor id="156" />
			<sensor id="147" />
			<switch id="13" state="thrown" />
			<blocking id="55" />
		</section>
		<section id="57">
			<sensor id="147" />
			<sensor id="144" />
			<switch id="11" state="thrown" />
			<blocking id="58" />
		</section>
		<section id="58">
			<sensor id="147" />
			<sensor id="145" />
			<switch id="11" state="thrown" />
			<blocking id="57" />
		</section>
		<section id="59">
			<sensor id="144" />
			<sensor id="161" />
		</section>
		<section id="60">
			<sensor id="161" />
			<sensor id="163" />
			<switch id="9" state="thrown" />
			<blocking id="61" />
		</section>
		<section id="61">
			<sensor id="162" />
			<sensor id="163" />
			<switch id="9" state="thrown" />
			<blocking id="60" />
		</section>
		<section id="62">
			<sensor id="163" />
			<sensor id="175" />
		</section>
		<section id="63">
			<sensor id="175" />
			<sensor id="174" />
		</section>
		<section id="64">
			<sensor id="174" />
			<sensor id="172" />
			<switch id="10" state="thrown" />
			<blocking id="65" />
		</section>
		<section id="65">
			<sensor id="174" />
			<sensor id="171" />
			<switch id="10" state="thrown" />
			<blocking id="64" />
		</section>
		<section id="66">
			<sensor id="171" />
			<sensor id="141" />
		</section>
		<section id="67">
			<sensor id="172" />
			<sensor id="142" />
		</section>
		<section id="68">
			<sensor id="141" />
			<sensor id="123" />
		</section>
		<section id="69">
			<sensor id="142" />
			<sensor id="124" />
		</section>
		<section id="70">
			<sensor id="123" />
			<sensor id="133" />
		</section>
		<section id="71">
			<sensor id="124" />
			<sensor id="134" />
		</section>
		<section id="72">
			<sensor id="133" />
			<sensor id="214" />
		</section>
		<section id="73">
			<sensor id="134" />
			<sensor id="215" />
		</section>
		<section id="74">
			<sensor id="214" />
			<sensor id="217" />
			<switch id="5" state="thrown" />
			<blocking id="75" />
		</section>
		<section id="75">
			<sensor id="215" />
			<sensor id="217" />
			<switch id="5" state="thrown" />
			<blocking id="74" />
		</section>
		<section id="76">
			<sensor id="217" />
			<sensor id="233" />
		</section>
		<section id="77">
			<sensor id="233" />
			<sensor id="262" />
		</section>
		<section id="78">
			<sensor id="145" />
			<sensor id="173" />
		</section>
		<section id="79">
			<sensor id="173" />
			<sensor id="176" />
		</section>
		<section id="80">
			<sensor id="176" />
			<sensor id="165" />
		</section>
		<section id="81">
			<sensor id="165" />
			<sensor id="164" />
		</section>
		<section id="82">
			<sensor id="164" />
			<sensor id="117" />
		</section>
		<section id="83">
			<sensor id="117" />
			<sensor id="113" />
			<switch id="7" state="thrown" />
			<blocking is="84" />
		</section>
		<section id="84">
			<sensor id="118" />
			<sensor id="113" />
			<switch id="7" state="thrown" />
			<blocking id="83" />
			<blocking id="87" />
		</section>
		<section id="85">
			<sensor id="162" />
			<sensor id="118" />
		</section>
		<section id="87">
			<sensor id="118" />
			<sensor id="115" />
			<switch id="7" state="thrown" />
			<blocking id="84" />
		</section>
		<section id="88">
			<sensor id="113" />
			<sensor id="111" />
		</section>
		<section id="89">
			<sensor id="111" />
			<sensor id="121" />
		</section>
		<section id="90">
			<sensor id="121" />
			<sensor id="127" />
		</section>
		<section id="91">
			<sensor id="127" />
			<sensor id="131" />
			<switch id="2" state="thrown" />
			<blocking id="92" />
		</section>
		<section id="92">
			<sensor id="127" />
			<sensor id="138" />
			<switch id="2" state="thrown" />
			<blocking id="91" />
			<blocking id="27" />
		</section>
		<section id="93">
			<sensor id="131" />
			<sensor id="211" />
		</section>
		<section id="94">
			<sensor id="211" />
			<sensor id="231" />
		</section>
		<section id="95">
			<sensor id="231" />
			<sensor id="235" />
		</section>
		<section id="96">
			<sensor id="235" />
			<sensor id="261" />
			<switch id="25" state="thrown" />
			<blocking id="97" />
		</section>
		<section id="97">
			<sensor id="234" />
			<sensor id="261" />
			<switch id="25" state="thrown" />
			<blocking id="96" />
			<blocking id="34" />
		</section>
		<section id="98">
			<sensor id="261" />
			<sensor id="265" />
		</section>
		<section id="99">
			<sensor id="265" />
			<sensor id="266" />
		</section>
		<section id="100">
			<sensor id="266" />
			<sensor id="282" />
		</section>
		<section id="101">
			<sensor id="282" />
			<sensor id="271" />
		</section>
		<section id="102">
			<sensor id="268" />
			<sensor id="247" />
		</section>
		<section id="103">
			<sensor id="247" />
			<sensor id="246" />
			<blocking id="48" />
		</section>
		<section id="104">
			<sensor id="246" />
			<sensor id="245" />
		</section>
		<section id="105">
			<sensor id="245" />
			<sensor id="244" />
		</section>
		<section id="106">
			<sensor id="244" />
			<sensor id="225" />
		</section>
		<section id="107">
			<sensor id="136" />
			<sensor id="135" />
		</section>
		<section id="108">
			<sensor id="135" />
			<sensor id="126" />
		</section>
		<section id="109">
			<sensor id="156" />
			<sensor id="157" />
		</section>
		<section id="110">
			<sensor id="157" />
			<sensor id="224" />
		</section>
		<section id="111">
			<sensor id="224" />
			<sensor id="222" />
			<blocking id="11" />
			<blocking id="12" />
		</section>
		<section id="112">
			<sensor id="222" />
			<sensor id="213" />
			<blocking id="50" />
		</section>
		<section id="113">
			<sensor id="243" />
			<sensor id="226" />
		</section>
	</section-list>
	<switch-list>
		<switch id="1">
			<narrow-end id="122" />
			<closed-end id="125" />
			<thrown-end id="126" />
		</switch>
		<switch id="2" type="crossover">
			<narrow-end id="127" />
			<narrow-end id="138" />
			<closed-end id="131" />
			<closed-end id="128" />
		</switch>
		<switch id="4">
			<narrow-end id="216" />
			<closed-end id="212" />
			<thrown-end id="213" />
		</switch>
		<switch id="5">
			<narrow-end id="217" />
			<closed-end id="215" />
			<thrown-end id="214" />
		</switch>
		<switch id="6">
			<narrow-end id="112" />
			<closed-end id="115" />
			<thrown-end id="114" />
		</switch>
		<switch id="7" type="crossover">
			<narrow-end id="113" />
			<narrow-end id="118" />
			<closed-end id="117" />
			<closed-end id="115" />
		</switch>
		<switch id="9">
			<narrow-end id="163" />
			<closed-end id="162" />
			<thrown-end id="161" />
		</switch>
		<switch id="10">
			<narrow-end id="174" />
			<closed-end id="172" />
			<thrown-end id="171" />
		</switch>
		<switch id="11">
			<narrow-end id="147" />
			<closed-end id="144" />
			<thrown-end id="145" />
		</switch>
		<switch id="12">
			<narrow-end id="146" />
			<closed-end id="152" />
			<thrown-end id="151" />
		</switch>
		<switch id="13">
			<narrow-end id="147" />
			<closed-end id="156" />
			<thrown-end id="155" />
		</switch>
		<switch id="14">
			<narrow-end id="223" />
			<closed-end id="158" />
			<thrown-end id="155" />
		</switch>
		<switch id="15">
			<narrow-end id="221" />
			<closed-end id="136" />
			<thrown-end id="137" />
		</switch>
		<switch id="16">
			<narrow-end id="223" />
			<closed-end id="225" />
			<thrown-end id="226" />
		</switch>
		<switch id="17">
			<narrow-end id="243" />
			<closed-end id="242" />
			<thrown-end id="241" />
		</switch>
		<switch id="18">
			<narrow-end id="241" />
			<closed-end id="256" />
			<closed-end id="257" />
			<closed-end id="258" />
			<thrown-end id="255" />
		</switch>
		<switch id="19">
			<narrow-end id="241" />
			<closed-end id="257" />
			<closed-end id="258" />
			<thrown-end id="256" />
		</switch>
		<switch id="20">
			<narrow-end id="241" />
			<closed-end id="258" />
			<thrown-end id="257" />
		</switch>
		<switch id="21">
			<narrow-end id="242" />
			<closed-end id="272" />
			<thrown-end id="271" />
		</switch>
		<switch id="22">
			<narrow-end id="274" />
			<closed-end id="272" />
			<thrown-end id="273" />
		</switch>
		<switch id="23">
			<narrow-end id="283" />
			<closed-end id="267" />
			<thrown-end id="268" />
		</switch>
		<switch id="24">
			<narrow-end id="264" />
			<closed-end id="263" />
			<thrown-end id="262" />
		</switch>
		<switch id="25" type="crossover">
			<narrow-end id="261" />
			<narrow-end id="234" />
			<closed-end id="235" />
			<closed-end id="237" />
		</switch>
	</switch-list>
</railroad>