<railroad>
	<section-list>
		<section id="1">
			<sensor id="1" />
			<sensor id="5" />
		</section>
		<section id="2">
			<sensor id="5" end="wide"/>
			<sensor id="33" />
			<switch id="3" state="thrown" init="thrown"/>
			<blocking id="4" />
			<blocking id="6" />
			<blocking id="8" />
		</section>
		<section id="3">
			<sensor id="2" />
			<sensor id="6" />
		</section>
		<section id="4">
			<sensor id="6" end="wide"/>
			<sensor id="33" />
			<switch id="3" state="closed" init="thrown" />
			<switch id="2" state="thrown" init="thrown" />
			<blocking id="2" />
			<blocking id="6" />
			<blocking id="8" />
		</section>
		<section id="5">
			<sensor id="3" />
			<sensor id="7" />
		</section>
		<section id="6">
			<sensor id="7" end="wide" />
			<sensor id="33" />
			<switch id="3" state="closed" init="thrown"/>
			<switch id="2" state="closed" init="thrown"/>
			<switch id="1" state="thrown" init="thrown"/>
			<blocking id="2" />
			<blocking id="4" />
			<blocking id="8" />
		</section>
		<section id="7">
			<sensor id="4" />
			<sensor id="8" />
		</section>
		<section id="8">
			<sensor id="8" end="wide"/>
			<sensor id="33" />
			<switch id="3" state="closed" init="thrown"/>
			<switch id="2" state="closed" init="thrown"/>
			<switch id="1" state="closed" init="thrown"/>
			<blocking id="2" />
			<blocking id="4" />
			<blocking id="6" />
		</section>
		<section id="9">
			<sensor id="33" end="wide"/>
			<sensor id="35" />
			<switch id="4" state="thrown" init="thrown"/>
			<blocking id="10" />
		</section>
		<section id="10">
			<sensor id="34" end="wide" />
			<sensor id="35" />
			<switch id="4" state="closed" init="thrown"/>
			<blocking id="9" />
		</section>
		<section id="11">
			<sensor id="35" />
			<sensor id="62" />
		</section>
		<section id="12">
			<sensor id="62" end="wide"/>
			<sensor id="59" />
			<switch id="12" state="thrown" init="thrown"/>
			<blocking id="13" />
			<blocking id="102" />
		</section>
		<section id="13">
			<sensor id="61" end="wide"/>
			<sensor id="59" />
			<switch id="12" state="closed" init="thrown"/>
			<blocking id="12" />
			<blocking id="102" />
		</section>
		<section id="14">
			<sensor id="59" />
			<sensor id="77" end="wide"/>
			<switch id="13" state="thrown" init="thrown"/>
			<blocking id="15" />
		</section>
		<section id="15">
			<sensor id="59" />
			<sensor id="80" end="wide"/>
			<switch id="13" state="closed" init="thrown"/>
			<blocking id="14" />
		</section>
		<section id="16">
			<sensor id="77" end="wide"/>
			<sensor id="95" />
			<switch id="16" state="thrown" init="thrown"/>
			<blocking id="17" />
		</section>
		<section id="17">
			<sensor id="78" end="wide"/>
			<sensor id="95" />
			<switch id="16" state="closed" init="thrown"/>
			<blocking id="16" />
		</section>
		<section id="18">
			<sensor id="95" />
			<sensor id="93" end="wide"/>
			<switch id="18" state="thrown" init="thrown"/>
			<blocking id="19" />
		</section>
		<section id="19">
			<sensor id="95" />
			<sensor id="92" end="wide" />
			<switch id="18" state="closed" init="thrown"/>
			<blocking id="18" />
		</section>
		<section id="20">
			<sensor id="115" />
			<sensor id="118" />
		</section>
		<section id="21">
			<sensor id="118" />
			<sensor id="109" />
		</section>
		<section id="22">
			<sensor id="109" />
			<sensor id="108" />
		</section>
		<section id="23">
			<sensor id="108" />
			<sensor id="103" />
		</section>
		<section id="24">
			<sensor id="103" end="wide"/>
			<sensor id="99" />
			<switch id="22" state="closed" init="thrown"/>
			<blocking id="25" />
		</section>
		<section id="25">
			<sensor id="99" />
			<sensor id="102" end="wide"/>
			<switch id="22" state="thrown" init="thrown"/>
			<blocking id="24" />
			<blocking id="26" />
		</section>
		<section id="26">
			<sensor id="104" />
			<sensor id="101" end="wide"/>
			<switch id="22" state="closed" init="thrown"/>
			<blocking id="108" />
		</section>
		<section id="108">
			<sensor id="104" />
			<sensor id="102" end="wide" />
			<switch id="22" state="thrown" init="thrown" />
			<blocking id="24" />
			<blocking id="26" />
		</section>
		<section id="28">
			<sensor id="81" />
			<sensor id="87" />
		</section>
		<section id="29">
			<sensor id="87" />
			<sensor id="66" end="wide"/>
			<switch id="15" state="thrown" init="thrown" />
			<blocking id="30" />
			<blocking id="31" />
		</section>
		<section id="109">
			<sensor id="66" end="wide" />
			<sensor id="72" />
			<switch id="15" state="thrown" init="thrown" />
			<blocking id="30" />
			<blocking id="31" />
		</section>
		<section id="30">
			<sensor id="88" end="wide"/>
			<sensor id="72" />
			<switch id="15" state="closed" init="thrown" />
			<blocking id="109" />
		</section>
		<section id="31">
			<sensor id="87" />
			<sensor id="65" end="wide"/>
			<switch id="15" state="closed" init="thrown" />
			<blocking id="29" />
		</section>
		<section id="32">
			<sensor id="65" />
			<sensor id="49" />
		</section>
		<section id="33">
			<sensor id="49" />
			<sensor id="41" />
		</section>
		<section id="34">
			<sensor id="41" />
			<sensor id="45" />
		</section>
		<section id="35">
			<sensor id="45" end="wide"/>
			<sensor id="25" />
			<switch id="9" state="closed" init="thrown"/>
			<blocking id="110" />
		</section>
		<section id="36">
			<sensor id="46" end="wide"/>
			<sensor id="44" />
			<switch id="9" state="thrown" init="thrown"/>
			<blocking id="35" />
			<blocking id="37" />
		</section>
		<section id="37">
			<sensor id="44" />
			<sensor id="47" end="wide"/>
			<switch id="9" state="closed" init="thrown"/>
			<blocking id="36" />
		</section>
		<section id="110">
			<sensor id="25" />
			<sensor id="46" end="wide"/>
			<switch id="9" state="thrown" init="thrown"/>
			<blocking id="35" />
			<blocking id="37" />
		</section>
		<section id="38">
			<sensor id="25" />
			<sensor id="29" />
		</section>
		<section id="106">
			<sensor id="29" />
			<sensor id="30" />
		</section>
		<section id="39">
			<sensor id="30" />
			<sensor id="18" />
		</section>
		<section id="40">
			<sensor id="18" />
			<sensor id="9" />
		</section>
		<section id="41">
			<sensor id="9" end="wide"/>
			<sensor id="34" />
			<switch id="8" state="thrown" init="thrown"/>
			<blocking id="42" />
		</section>
		<section id="42">
			<sensor id="10" end="wide"/>
			<sensor id="34" />
			<switch id="8" state="closed" init="thrown"/>
			<blocking id="41" />
		</section>
		<section id="43">
			<sensor id="80" />
			<sensor id="76" />
		</section>
		<section id="44">
			<sensor id="76" />
			<sensor id="74" />
		</section>
		<section id="45">
			<sensor id="74" end="wide"/>
			<sensor id="94" />
			<switch id="17" state="closed" init="thrown"/>
			<blocking id="46" />
		</section>
		<section id="46">
			<sensor id="73" end="wide"/>
			<sensor id="94" />
			<switch id="17" state="thrown" init="thrown" />
			<blocking id="45" />
		</section>
		<section id="47">
			<sensor id="94" />
			<sensor id="91" />
		</section>
		<section id="48">
			<sensor id="91" />
			<sensor id="100" />
		</section>
		<section id="49">
			<sensor id="100" end="wide"/>
			<sensor id="98" />
			<switch id="23" state="thrown" init="thrown"/>
			<blocking id="50" />
		</section>
		<section id="50">
			<sensor id="101" end="wide"/>
			<sensor id="98" />
			<switch id="23" state="closed" init="thrown" />
			<blocking id="49" />
		</section>
		<section id="51">
			<sensor id="98" />
			<sensor id="82" />
		</section>
		<section id="52">
			<sensor id="82" />
			<sensor id="85" end="wide"/>
			<switch id="19" state="closed" init="thrown"/>
			<blocking id="53" />
		</section>
		<section id="53">
			<sensor id="82" />
			<sensor id="86" end="wide"/>
			<switch id="19" state="thrown" init="thrown"/>
			<blocking id="52" />
		</section>
		<section id="111">
			<sensor id="85" />
			<sensor id="88" />
		</section>
		<section id="54">
			<sensor id="72" />
			<sensor id="50" />
		</section>
		<section id="55">
			<sensor id="50" end="wide"/>
			<sensor id="54" />
			<switch id="11" state="closed" init="thrown"/>
			<blocking id="56" />
		</section>
		<section id="56">
			<sensor id="51" end="wide"/>
			<sensor id="54" />
			<switch id="11" state="thrown" init="thrown"/>
			<blocking id="55" />
		</section>
		<section id="57">
			<sensor id="54" />
			<sensor id="42" />
		</section>
		<section id="58">
			<sensor id="42" />
			<sensor id="44" />
		</section>
		<section id="59">
			<sensor id="47" />
			<sensor id="27" />
		</section>
		<section id="60">
			<sensor id="27" end="wide"/>
			<sensor id="28" />
			<switch id="5" state="closed" init="thrown" />
			<blocking id="61" />
		</section>
		<section id="61">
			<sensor id="26" end="wide"/>
			<sensor id="28" />
			<switch id="5" state="thrown" init="thrown"/>
			<blocking id="60" />
		</section>
		<section id="62">
			<sensor id="28" end="wide"/>
			<sensor id="19" />
			<switch id="6" state="closed" init="thrown"/>
			<blocking id="63" />
		</section>
		<section id="63">
			<sensor id="31" end="wide" />
			<sensor id="19" />
			<switch id="6" state="thrown" init="thrown" />
			<blocking id="62" />
		</section>
		<section id="112">
			<sensor id="17" />
			<sensor id="19" />
		</section>
		<section id="64">
			<sensor id="17" />
			<sensor id="12" />
		</section>
		<section id="65">
			<sensor id="12" />
			<sensor id="10" end="wide"/>
			<switch id="7" state="closed" init="thrown"/>
			<blocking id="66" />
		</section>
		<section id="66">
			<sensor id="12" />
			<sensor id="11" end="wide" />
			<switch id="7" state="thrown" init="thrown"/>
			<blocking id="65" />
		</section>
		<section id="67">
			<sensor id="11" />
			<sensor id="48" />
			<blocking id="69" />
		</section>
		<section id="68">
			<sensor id="31" />
			<sensor id="39" />
		</section>
		<section id="69">
			<sensor id="39" />
			<sensor id="38" />
			<blocking id="67" />
		</section>
		<section id="70">
			<sensor id="38" />
			<sensor id="37" />
		</section>
		<section id="71">
			<sensor id="37" />
			<sensor id="36" />
		</section>
		<section id="72">
			<sensor id="35" />
			<sensor id="62" />
		</section>
		<section id="73">
			<sensor id="48" />
			<sensor id="56" />
		</section>
		<section id="74">
			<sensor id="56" />
			<sensor id="57" />
			<blocking id="101" />
		</section> 
		<section id="75">
			<sensor id="57" />
			<sensor id="71" end="wide"/>
			<switch id="14" state="thrown" init="thrown"/>
			<blocking id="76" />
		</section>
		<section id="76">
			<sensor id="57" />
			<sensor id="70" end="wide"/>
			<switch id="14" state="closed" init="thrown"/>
			<blocking id="75" />
		</section>
		<section id="77">
			<sensor id="71" />
			<sensor id="75" />
		</section>
		<section id="78">
			<sensor id="75" />
			<sensor id="73" />
		</section>
		<section id="79">
			<sensor id="70" />
			<sensor id="69" />
		</section>
		<section id="80">
			<sensor id="69" />
			<sensor id="86" />
		</section>
		<section id="81">
			<sensor id="92" />
			<sensor id="105" />
		</section>
		<section id="82">
			<sensor id="105" end="wide"/>
			<sensor id="107" />
			<switch id="21" state="thrown" init="thrown"/>
			<blocking id="83" />
		</section>
		<section id="83">
			<sensor id="106" end="wide"/>
			<sensor id="107" />
			<switch id="21" state="closed" init="thrown" />
			<blocking is="82" />
		</section>
		<section id="84">
			<sensor id="106" />
			<sensor id="104" />
		</section>
		<section id="85">
			<sensor id="107" />
			<sensor id="117" />
		</section>
		<section id="86">
			<sensor id="117" />
			<sensor id="116" />
		</section>
		<section id="87">
			<sensor id="116" />
			<sensor id="113" end="wide"/>
			<switch id="20" state="thrown" init="thrown" />
			<blocking id="88" />
		</section>
		<section id="88">
			<sensor id="116" />
			<sensor id="114" end="wide"/>
			<switch id="20" state="closed" init="thrown"/>
			<blocking id="87" />
		</section>
		<section id="89">
			<sensor id="113" />
			<sensor id="89" />
		</section>
		<section id="90">
			<sensor id="114" />
			<sensor id="90" />
		</section>
		<section id="91">
			<sensor id="89" />
			<sensor id="83" />
		</section>
		<section id="92">
			<sensor id="90" />
			<sensor id="84" />
		</section>
		<section id="93">
			<sensor id="83" />
			<sensor id="67" />
		</section>
		<section id="94">
			<sensor id="84" />
			<sensor id="68" />
		</section>
		<section id="95">
			<sensor id="67" />
			<sensor id="52" />
		</section>
		<section id="96">
			<sensor id="68" />
			<sensor id="53" />
		</section>
		<section id="97">
			<sensor id="53" end="wide"/>
			<sensor id="55" />
			<switch id="10" state="closed" init="thrown"/>
			<blocking id="98" />
		</section>
		<section id="98">
			<sensor id="52" end="wide"/>
			<sensor id="55" />
			<switch id="10" state="thrown" init="thrown"/>
			<blocking id="97" />
		</section>
		<section id="99">
			<sensor id="55" />
			<sensor id="43" />
		</section>
		<section id="100">
			<sensor id="43" />
			<sensor id="26" />
		</section>
		<section id="101">
			<sensor id="51" />
			<sensor id="58" />
			<blocking id="74" />
		</section>
		<section id="102">
			<sensor id="58" />
			<sensor id="60" />
			<blocking id="12" />
			<blocking id="13" /> 
		</section>
		<section id="103">
			<sensor id="60" />
			<sensor id="79" />
		</section>
		<section id="104">
			<sensor id="79" />
			<sensor id="78" />
		</section>
		<section id="105">
			<sensor id="97" />
			<sensor id="81" />
		</section>
		<section id="107">
			<sensor id="93" />
			<sensor id="115" />
		</section>
        <section id="113">
			<sensor id="36" />
			<sensor id="61" />
		</section>
        <section id="114">
            <sensor id="99" />
            <sensor id="97" />
        </section>
	</section-list>
</railroad>