<railroad>
	<section-list>
		<section id="1">
			<sensor id="255" />
			<sensor id="251" />
		</section>
		<section id="2">
			<sensor id="252" />
			<sensor id="256" />
		</section>
		<section id="3">
			<sensor id="253" />
			<sensor id="257" />
		</section>
		<section id="4">
			<sensor id="254" />
			<sensor id="258" />
		</section>
		<section id="5">
			<sensor id="241" />
			<sensor id="255" end="wide"/>
			<switch id="18" state="thrown" init="thrown" />
			<blocking id="6" />
			<blocking id="7" />
			<blocking id="8" />
		</section>
		<section id="6">
			<sensor id="241" />
			<sensor id="256" end="wide" />
		        <switch id="18" state="closed" init="thrown" />
		        <switch id="19" state="thrown" init="thrown" />
			<blocking id="5" />
			<blocking id="7" />
			<blocking id="8" />
		</section>
		<section id="7">
			<sensor id="241" />
			<sensor id="257" end="wide" />
			<switch id="18" state="closed" init="thrown" />
		        <switch id="19" state="closed" init="thrown" />
		        <switch id="20" state="thrown" init="thrown" />
		        <blocking id="5" />
		        <blocking id="6" />
		        <blocking id="8" />
		</section>
		<section id="8">
			<sensor id="241" />
			<sensor id="258" end="wide" />
            		<switch id="18" state="closed" init="thrown" />
            		<switch id="19" state="closed" init="thrown" />
            		<switch id="20" state="closed" init="thrown" />
            		<blocking id="5" />
            		<blocking id="6" />
            		<blocking id="7" />
		</section>
		<section id="9">
			<sensor id="243" />
			<sensor id="241" end="wide" />
			<switch id="17" state="thrown" init="thrown" />
			<blocking id="10" />
		</section>
		<section id="10">
			<sensor id="243" />
			<sensor id="242" end="wide" />
			<switch id="17" state="closed" init="thrown" />
			<blocking id="9" />
		</section>
		<section id="11">
			<sensor id="242" />
			<sensor id="272" end="wide"/>
			<switch id="21" state="closed" init="thrown"/>
			<blocking id="12" />
		</section>
		<section id="12">
			<sensor id="242" />
			<sensor id="271" end="wide"/>
			<switch id="21" state="thrown" init="thrown" />
			<blocking id="11" />
		</section>
		<section id="13">
			<sensor id="282" />
			<sensor id="271" />
		</section>
		<section id="14">
			<sensor id="282" />
			<sensor id="266" />
		</section>
		<section id="15">
			<sensor id="266" />
			<sensor id="265" />
		</section>
		<section id="16">
			<sensor id="265" />
			<sensor id="261" />
		</section>
		<section id="17">
			<sensor id="261" />
			<sensor id="235" end="wide" />
			<switch id="25" state="closed" init="thrown"/>
			<blocking id="18" />
			<blocking id="52" />
		</section>
		<section id="18">
			<sensor id="261" />
			<sensor id="234" end="wide"/>
			<switch id="25" state="thrown" init="thrown"/>
			<blocking id="17" />
			<blocking id="52" />
		</section>
		<section id="19">
			<sensor id="235" />
			<sensor id="231" />
		</section>
		<section id="20">
			<sensor id="231" />
			<sensor id="211" />
		</section>
		<section id="21">
			<sensor id="211" />
			<sensor id="131" />
		</section>
		<section id="22">
			<sensor id="127" />
			<sensor id="131" end="wide" />
			<switch id="2" state="closed" init="thrown"/>
			<blocking id="80" />
			<blocking id="81" />
		</section>
		<section id="23">
			<sensor id="127" />
			<sensor id="121" />
		</section>
		<section id="24">
			<sensor id="121" />
			<sensor id="111" />
		</section>
		<section id="25">
			<sensor id="111" />
			<sensor id="113" />
		</section>
		<section id="26">
			<sensor id="113" />
			<sensor id="117" end="wide"/>
			<switch id="7" state="closed" init="thrown"/>
			<blocking id="27" />
			<blocking id="65" />
		</section>
		<section id="27">
			<sensor id="113" />
			<sensor id="118" end="wide" />
			<switch id="7" state="thrown" init="thrown"/>
			<blocking id="26" />
			<blocking id="65" />
		</section>
		<section id="28">
			<sensor id="117" />
			<sensor id="164" />
		</section>
		<section id="29">
			<sensor id="164" />
			<sensor id="165" />
		</section>
		<section id="30">
			<sensor id="165" />
			<sensor id="176" />
		</section>
		<section id="31">
			<sensor id="176" />
			<sensor id="173" />
		</section>
		<section id="32">
			<sensor id="173" />
			<sensor id="145" />
		</section>
		<section id="33">
			<sensor id="147" />
			<sensor id="145" end="wide" />
			<switch id="11" state="thrown" init="thrown" />
			<blocking id="105" />
		</section>
		<section id="34">
			<sensor id="147" />
			<sensor id="156" end="wide" />
			<switch id="13" state="closed" init="thrown"/>
			<blocking id="104" />
		</section>
		<section id="35">
			<sensor id="223" />
			<sensor id="158" end="wide"/>
			<switch id="14" state="closed" init="thrown"/>
			<blocking id="90" />
		</section>
		<section id="36">
			<sensor id="156" />
			<sensor id="157" />
		</section>
		<section id="37">
			<sensor id="157" />
			<sensor id="224" />
		</section>
		<section id="38">
			<sensor id="224" />
			<sensor id="222" />
			<blocking id="91" />
			<blocking id="92" />
		</section>
		<section id="39">
			<sensor id="222" />
			<sensor id="213" />
			<blocking id="56" />
		</section>
		<section id="40">
			<sensor id="216" />
			<sensor id="213" end="wide"/>
			<switch id="4" state="thrown" init="thrown"/>
			<blocking id="78" />
		</section>
		<section id="41">
			<sensor id="216" />
			<sensor id="232" />
		</section>
		<section id="42">
			<sensor id="232" />
			<sensor id="234" />
		</section>
		<section id="43">
			<sensor id="274" />
			<sensor id="272" end="wide"/>
			<switch id="22" state="closed" init="thrown"/>
			<blocking id="53" />
		</section>
		<section id="44">
			<sensor id="274" />
			<sensor id="281" />
		</section>
		<section id="45">
			<sensor id="281" />
			<sensor id="283" />
		</section>
		<section id="46">
			<sensor id="283" />
			<sensor id="267" end="wide"/>
			<switch id="23" state="closed" init="thrown"/>
			<blocking id="47" />
		</section>
		<section id="47">
			<sensor id="283" />
			<sensor id="268" end="wide"/>
			<switch id="23" state="thrown" init="thrown"/>
			<blocking id="46" />
		</section>
		<section id="48">
			<sensor id="267" />
			<sensor id="264" />
		</section>
		<section id="49">
			<sensor id="264" /> 
			<sensor id="263" end="wide"/>
			<switch id="24" state="closed" init="thrown" />
			<blocking id="50" />
		</section>
		<section id="50">
			<sensor id="264" />
			<sensor id="262" end="wide"/>
			<switch id="24" state="thrown" init="thrown"/>
			<blocking id="49" />
		</section>
		<section id="51">
			<sensor id="263" />
			<sensor id="237" />
		</section>
		<section id="52">
			<sensor id="234" />
			<sensor id="237" end="wide"/>
			<switch id="25" state="closed" init="thrown"/>
			<blocking id="18" />
			<blocking id="17" />
		</section>
		<section id="53">
			<sensor id="274" />
			<sensor id="273" end="wide"/>
			<switch id="22" state="thrown" init="thrown"/>
			<blocking id="43" />
		</section>
		<section id="54">
			<sensor id="273" />
			<sensor id="238" />
			<blocking id="96" />
		</section>
		<section id="55">
			<sensor id="238" />
			<sensor id="218" />
		</section>
		<section id="56">
			<sensor id="218" />
			<sensor id="221" />
			<blocking id="39" />
		</section>
		<section id="57">
			<sensor id="221" />
			<sensor id="136" end="wide"/>
			<switch id="15" state="closed" init="thrown"/>
			<blocking id="58" />
		</section>
		<section id="58">
			<sensor id="221" />
			<sensor id="137" end="wide"/>
			<switch id="15" state="thrown" init="thrown"/>
		</section>
		<section id="59">
			<sensor id="136" />
			<sensor id="135" />
		</section>
		<section id="60">
			<sensor id="135" />
			<sensor id="126" />
		</section>
		<section id="61">
			<sensor id="122" />
			<sensor id="126" end="wide"/>
			<switch id="1" state="thrown" init="thrown"/>
			<blocking id="83" />
		</section>
		<section id="62">
			<sensor id="122" />
			<sensor id="112" />
		</section>
		<section id="63">
			<sensor id="112" />
			<sensor id="115" end="wide"/>
			<switch id="6" state="closed" init="thrown"/>
			<blocking id="64" />
		</section>
		<section id="64">
			<sensor id="112" />
			<sensor id="114" end="wide"/>
			<switch id="6" state="thrown" init="thrown"/>
			<blocking id="63" />
		</section>
		<section id="65">
			<sensor id="118" />
			<sensor id="115" end="wide"/>
			<switch id="7" state="closed" init="thrown"/>
			<blocking id="27" />
			<blocking id="26" />
		</section>
		<section id="66">
			<sensor id="162" />
			<sensor id="118" />
		</section>
		<section id="67">
			<sensor id="163" />
			<sensor id="162" end="wide"/>
			<switch id="9" state="closed" init="thrown"/>
			<blocking id="98" />
		</section>
		<section id="68">
			<sensor id="163" />
			<sensor id="175" />
		</section>
		<section id="69">
			<sensor id="175" />
			<sensor id="174" />
		</section>
		<section id="70">
			<sensor id="174" />
			<sensor id="172" end="wide"/>
			<switch id="10" state="closed" init="thrown"/>
			<blocking id="71" />
		</section>
		<section id="71">
			<sensor id="174" />
			<sensor id="171" end="wide"/>
			<switch id="10" state="thrown" init="thrown"/>
			<blocking id="70" />
		</section>
		<section id="72">
			<sensor id="142" />
			<sensor id="124" />
		</section>
		<section id="73">
			<sensor id="124" />
			<sensor id="134" />
		</section>
		<section id="74">
			<sensor id="134" />
			<sensor id="215" />
		</section>
		<section id="75">
			<sensor id="217" />
			<sensor id="215" end="wide"/>
			<switch id="5" state="closed" init="thrown"/>
			<blocking id="103" />
		</section>
		<section id="76">
			<sensor id="217" />
			<sensor id="233" />
		</section>
		<section id="77">
			<sensor id="233" />
			<sensor id="262" />
		</section>
		<section id="78">
			<sensor id="216" />
			<sensor id="212" end="wide"/>
			<switch id="4" state="closed" init="thrown"/>
			<blocking id="40" />
		</section>
		<section id="79">
			<sensor id="212" />
			<sensor id="138" />
		</section>
		<section id="80">
			<sensor id="138" />
			<sensor id="128" end="wide"/>
			<switch id="2" state="closed" init="thrown"/>
			<blocking id="81" />
			<blocking id="22" />
		</section>
		<section id="81">
			<sensor id="138" />
			<sensor id="127" end="wide"/>
			<switch id="2" state="thrown" init="thrown"/>
			<blocking id="80" />
			<blocking id="22" />
		</section>
		<section id="82">
			<sensor id="128" />
			<sensor id="125" />
		</section>
		<section id="83">
			<sensor id="122" />
			<sensor id="125" end="wide"/>
			<switch id="1" state="closed" init="thrown"/>
			<blocking id="61" />
		</section>
		<section id="84">
			<sensor id="114" />
			<sensor id="143" />
		</section>
		<section id="85">
			<sensor id="143" />
			<sensor id="146" />
		</section>
		<section id="86">
			<sensor id="146" />
			<sensor id="152" end="wide"/>
			<switch id="12" state="closed" init="thrown"/>
			<blocking id="87" />
		</section>
		<section id="87">
			<sensor id="146" />
			<sensor id="151" end="wide" />
			<switch id="12" state="thrown" init="thrown"/>
			<blocking id="86" />
		</section>
		<section id="88">
			<sensor id="152" />
			<sensor id="154" />
		</section>
		<section id="89">
			<sensor id="154" />
			<sensor id="158" />
		</section>
		<section id="90">
			<sensor id="223" />
			<sensor id="155" end="wide"/>
			<switch id="14" state="thrown" init="thrown"/>
			<blocking id="35" />
		</section>
		<section id="91">
			<sensor id="223" />
			<sensor id="225" end="wide"/>
			<switch id="16" state="closed" init="thrown"/>
			<blocking id="92" />
			<blocking id="38" />
		</section>
		<section id="92">
			<sensor id="223" />
			<sensor id="226" end="wide"/>
			<switch id="16" state="thrown" init="thrown"/>
			<blocking id="91" />
			<blocking id="38" />
		</section>
		<section id="93">
			<sensor id="225" />
			<sensor id="244" />
		</section>
		<section id="94">
			<sensor id="244" />
			<sensor id="245" />
		</section>
		<section id="95">
			<sensor id="245" />
			<sensor id="246" />
		</section>
		<section id="96">
			<sensor id="246" />
			<sensor id="247" />
			<blocking id="54" />
		</section>
		<section id="97">
			<sensor id="247" />
			<sensor id="268" />
		</section>
		<section id="98">
			<sensor id="163" />
			<sensor id="161" end="wide"/>
			<switch id="9" state="thrown" init="thrown"/>
			<blocking id="67" />
		</section>
		<section id="99">
			<sensor id="161" />
			<sensor id="144" />
		</section>
		<section id="100">
			<sensor id="141" />
			<sensor id="123" />
		</section>
		<section id="101">
			<sensor id="123" />
			<sensor id="133" />
		</section>
		<section id="102">
			<sensor id="133" />
			<sensor id="214" />
		</section>
		<section id="103">
			<sensor id="217" />
			<sensor id="214" end="wide" />
			<switch id="5" state="thrown" init="thrown"/>
			<blocking id="75" />
		</section>
		<section id="104">
			<sensor id="147" />
			<sensor id="155" end="wide" />
			<switch id="13" state="thrown" init="thrown"/>
			<blocking id="34" />
		</section>
		<section id="105">
			<sensor id="147" />
			<sensor id="144" end="wide" />
			<switch id="11" state="closed" init="thrown"/>
			<blocking id="33" />
		</section>
		<section id="106">
			<sensor id="172" />
			<sensor id="142" />
		</section>
		<section id="107">
			<sensor id="171" />
			<sensor id="141" />
		</section>
		<section id="108">
			<sensor id="243" />
			<sensor id="226" />
		</section>
	</section-list>
	<switch-list>
		<switch id="1">
			<narrow id="122" />
			<closed id="125" />
			<thrown id="126" />
		</switch>
		<switch id="2">
			<narrow id="127" />
			<closed id="131" />
			<thrown id="138" />
		</switch>
		<switch id="3">
			<narrow id="138" />
			<closed id="128" />
			<thrown id="127" />
		</switch>
		<switch id="4">
			<narrow id="216" />
			<closed id="212" />
			<thrown id="213" />
		</switch>
		<switch id="5">
			<narrow id="217" />
			<closed id="215" />
			<thrown id="214" />
		</switch>
		<switch id="6">
			<narrow id="112" />
			<closed id="115" />
			<thrown id="114" />
		</switch>
		<switch id="7">
			<narrow id="113" />
			<closed id="117" />
			<thrown id="118" />
		</switch>
		<switch id="8">
			<narrow id="118" />
			<closed id="115" />
			<thrown id="113" />
		</switch>
		<switch id="9">
			<narrow id="163" />
			<closed id="162" />
			<thrown id="161" />
		</switch>
		<switch id="10">
			<narrow id="174" />
			<closed id="172" />
			<thrown id="171" />
		</switch>
		<switch id="11">
			<narrow id="147" />
			<closed id="144" />
			<thrown id="145" />
		</switch>
		<switch id="12">
			<narrow id="146" />
			<closed id="152" />
			<thrown id="151" />
		</switch>
		<switch id="13">
			<narrow id="147" />
			<closed id="156" />
			<thrown id="223" />
		</switch>
		<switch id="14">
			<narrow id="223" />
			<closed id="158" />
			<thrown id="147" />
		</switch>
		<switch id="15">
			<narrow id="221" />
			<closed id="136" />
			<thrown id="137" />
		</switch>
		<switch id="16">
			<narrow id="223" />
			<closed id="225" />
			<thrown id="226" />
		</switch>
		<switch id="17">
			<narrow id="243" />
			<closed id="242" />
			<thrown id="241" />
		</switch>
		<switch id="18">
			<narrow id="241" />
			<closed id="256" />
			<closed id="257" />
			<closed id="258" />
			<thrown id="255" />
		</switch>
		<switch id="19">
			<narrow id="241" />
			<closed id="257" />
			<closed id="258" />
			<thrown id="256" />
		</switch>
		<switch id="20">
			<narrow id="241" />
			<closed id="258" />
			<thrown id="257" />
		</switch>
		<switch id="21">
			<narrow id="242" />
			<closed id="272" />
			<thrown id="271" />
		</switch>
		<switch id="22">
			<narrow id="274" />
			<closed id="272" />
			<thrown id="273" />
		</switch>
		<switch id="23">
			<narrow id="283" />
			<closed id="267" />
			<thrown id="268" />
		</switch>
		<switch id="24">
			<narrow id="264" />
			<closed id="263" />
			<thrown id="262" />
		</switch>
		<switch id="25">
			<narrow id="261" />
			<closed id="235" />
			<thrown id="234" />
		</switch>
		<switch id="26">
			<narrow id="234" />
			<closed id="237" />
			<thrown id="261" />
		</switch>
	</switch-list>
</railroad>